<?xml version="1.0" encoding="UTF-8" ?>
<Sales>
    <Sale>
        <carId>105</carId>
        <customerId>30</customerId>
        <discount>30</discount>
    </Sale>
    <Sale>
        <carId>234</carId>
        <customerId>23</customerId>
        <discount>50</discount>
    </Sale>
    <Sale>
        <carId>342</carId>
        <customerId>29</customerId>
        <discount>0</discount>
    </Sale>
    <Sale>
        <carId>329</carId>
        <customerId>26</customerId>
        <discount>40</discount>
    </Sale>
    <Sale>
        <carId>235</carId>
        <customerId>4</customerId>
        <discount>0</discount>
    </Sale>
    <Sale>
        <carId>213</carId>
        <customerId>22</customerId>
        <discount>15</discount>
    </Sale>
    <Sale>
        <carId>14</carId>
        <customerId>4</customerId>
        <discount>30</discount>
    </Sale>
    <Sale>
        <carId>26</carId>
        <customerId>3</customerId>
        <discount>0</discount>
    </Sale>
    <Sale>
        <carId>34</carId>
        <customerId>1</customerId>
        <discount>10</discount>
    </Sale>
    <Sale>
        <carId>332</carId>
        <customerId>21</customerId>
        <discount>30</discount>
    </Sale>
    <Sale>
        <carId>170</carId>
        <customerId>8</customerId>
        <discount>5</discount>
    </Sale>
    <Sale>
        <carId>2</carId>
        <customerId>5</customerId>
        <discount>0</discount>
    </Sale>
    <Sale>
        <carId>166</carId>
        <customerId>7</customerId>
        <discount>50</discount>
    </Sale>
    <Sale>
        <carId>301</carId>
        <customerId>9</customerId>
        <discount>5</discount>
    </Sale>
    <Sale>
        <carId>204</carId>
        <customerId>11</customerId>
        <discount>15</discount>
    </Sale>
    <Sale>
        <carId>302</carId>
        <customerId>1</customerId>
        <discount>40</discount>
    </Sale>
    <Sale>
        <carId>173</carId>
        <customerId>25</customerId>
        <discount>5</discount>
    </Sale>
    <Sale>
        <carId>146</carId>
        <customerId>13</customerId>
        <discount>5</discount>
    </Sale>
    <Sale>
        <carId>210</carId>
        <customerId>7</customerId>
        <discount>50</discount>
    </Sale>
    <Sale>
        <carId>206</carId>
        <customerId>17</customerId>
        <discount>50</discount>
    </Sale>
    <Sale>
        <carId>135</carId>
        <customerId>1</customerId>
        <discount>30</discount>
    </Sale>
    <Sale>
        <carId>220</carId>
        <customerId>14</customerId>
        <discount>10</discount>
    </Sale>
    <Sale>
        <carId>358</carId>
        <customerId>20</customerId>
        <discount>20</discount>
    </Sale>
    <Sale>
        <carId>199</carId>
        <customerId>4</customerId>
        <discount>50</discount>
    </Sale>
    <Sale>
        <carId>201</carId>
        <customerId>6</customerId>
        <discount>20</discount>
    </Sale>
    <Sale>
        <carId>238</carId>
        <customerId>16</customerId>
        <discount>40</discount>
    </Sale>
    <Sale>
        <carId>171</carId>
        <customerId>8</customerId>
        <discount>30</discount>
    </Sale>
    <Sale>
        <carId>169</carId>
        <customerId>14</customerId>
        <discount>0</discount>
    </Sale>
    <Sale>
        <carId>336</carId>
        <customerId>2</customerId>
        <discount>40</discount>
    </Sale>
    <Sale>
        <carId>56</carId>
        <customerId>13</customerId>
        <discount>40</discount>
    </Sale>
    <Sale>
        <carId>13</carId>
        <customerId>27</customerId>
        <discount>50</discount>
    </Sale>
    <Sale>
        <carId>62</carId>
        <customerId>29</customerId>
        <discount>10</discount>
    </Sale>
    <Sale>
        <carId>93</carId>
        <customerId>26</customerId>
        <discount>50</discount>
    </Sale>
    <Sale>
        <carId>71</carId>
        <customerId>28</customerId>
        <discount>10</discount>
    </Sale>
    <Sale>
        <carId>252</carId>
        <customerId>26</customerId>
        <discount>30</discount>
    </Sale>
    <Sale>
        <carId>55</carId>
        <customerId>28</customerId>
        <discount>5</discount>
    </Sale>
    <Sale>
        <carId>60</carId>
        <customerId>3</customerId>
        <discount>30</discount>
    </Sale>
    <Sale>
        <carId>249</carId>
        <customerId>28</customerId>
        <discount>10</discount>
    </Sale>
    <Sale>
        <carId>151</carId>
        <customerId>21</customerId>
        <discount>20</discount>
    </Sale>
    <Sale>
        <carId>279</carId>
        <customerId>26</customerId>
        <discount>15</discount>
    </Sale>
    <Sale>
        <carId>307</carId>
        <customerId>3</customerId>
        <discount>5</discount>
    </Sale>
    <Sale>
        <carId>198</carId>
        <customerId>15</customerId>
        <discount>30</discount>
    </Sale>
    <Sale>
        <carId>231</carId>
        <customerId>9</customerId>
        <discount>15</discount>
    </Sale>
    <Sale>
        <carId>212</carId>
        <customerId>1</customerId>
        <discount>5</discount>
    </Sale>
    <Sale>
        <carId>79</carId>
        <customerId>27</customerId>
        <discount>15</discount>
    </Sale>
    <Sale>
        <carId>121</carId>
        <customerId>24</customerId>
        <discount>40</discount>
    </Sale>
    <Sale>
        <carId>243</carId>
        <customerId>23</customerId>
        <discount>20</discount>
    </Sale>
    <Sale>
        <carId>186</carId>
        <customerId>15</customerId>
        <discount>10</discount>
    </Sale>
    <Sale>
        <carId>49</carId>
        <customerId>5</customerId>
        <discount>50</discount>
    </Sale>
    <Sale>
        <carId>165</carId>
        <customerId>26</customerId>
        <discount>15</discount>
    </Sale>
    <Sale>
        <carId>176</carId>
        <customerId>18</customerId>
        <discount>40</discount>
    </Sale>
    <Sale>
        <carId>61</carId>
        <customerId>10</customerId>
        <discount>15</discount>
    </Sale>
    <Sale>
        <carId>322</carId>
        <customerId>2</customerId>
        <discount>50</discount>
    </Sale>
    <Sale>
        <carId>24</carId>
        <customerId>9</customerId>
        <discount>30</discount>
    </Sale>
    <Sale>
        <carId>58</carId>
        <customerId>6</customerId>
        <discount>15</discount>
    </Sale>
    <Sale>
        <carId>264</carId>
        <customerId>25</customerId>
        <discount>40</discount>
    </Sale>
    <Sale>
        <carId>159</carId>
        <customerId>16</customerId>
        <discount>30</discount>
    </Sale>
    <Sale>
        <carId>97</carId>
        <customerId>10</customerId>
        <discount>30</discount>
    </Sale>
    <Sale>
        <carId>147</carId>
        <customerId>16</customerId>
        <discount>30</discount>
    </Sale>
    <Sale>
        <carId>39</carId>
        <customerId>21</customerId>
        <discount>0</discount>
    </Sale>
    <Sale>
        <carId>164</carId>
        <customerId>4</customerId>
        <discount>15</discount>
    </Sale>
    <Sale>
        <carId>25</carId>
        <customerId>2</customerId>
        <discount>15</discount>
    </Sale>
    <Sale>
        <carId>335</carId>
        <customerId>19</customerId>
        <discount>30</discount>
    </Sale>
    <Sale>
        <carId>58</carId>
        <customerId>12</customerId>
        <discount>10</discount>
    </Sale>
    <Sale>
        <carId>272</carId>
        <customerId>1</customerId>
        <discount>10</discount>
    </Sale>
    <Sale>
        <carId>161</carId>
        <customerId>10</customerId>
        <discount>10</discount>
    </Sale>
    <Sale>
        <carId>247</carId>
        <customerId>27</customerId>
        <discount>30</discount>
    </Sale>
    <Sale>
        <carId>50</carId>
        <customerId>15</customerId>
        <discount>0</discount>
    </Sale>
    <Sale>
        <carId>184</carId>
        <customerId>29</customerId>
        <discount>20</discount>
    </Sale>
    <Sale>
        <carId>17</carId>
        <customerId>22</customerId>
        <discount>20</discount>
    </Sale>
    <Sale>
        <carId>156</carId>
        <customerId>21</customerId>
        <discount>0</discount>
    </Sale>
    <Sale>
        <carId>41</carId>
        <customerId>16</customerId>
        <discount>40</discount>
    </Sale>
    <Sale>
        <carId>209</carId>
        <customerId>8</customerId>
        <discount>0</discount>
    </Sale>
    <Sale>
        <carId>160</carId>
        <customerId>8</customerId>
        <discount>50</discount>
    </Sale>
    <Sale>
        <carId>275</carId>
        <customerId>11</customerId>
        <discount>0</discount>
    </Sale>
    <Sale>
        <carId>191</carId>
        <customerId>24</customerId>
        <discount>5</discount>
    </Sale>
    <Sale>
        <carId>68</carId>
        <customerId>13</customerId>
        <discount>50</discount>
    </Sale>
    <Sale>
        <carId>326</carId>
        <customerId>24</customerId>
        <discount>30</discount>
    </Sale>
    <Sale>
        <carId>75</carId>
        <customerId>22</customerId>
        <discount>30</discount>
    </Sale>
    <Sale>
        <carId>88</carId>
        <customerId>26</customerId>
        <discount>15</discount>
    </Sale>
    <Sale>
        <carId>167</carId>
        <customerId>13</customerId>
        <discount>0</discount>
    </Sale>
    <Sale>
        <carId>16</carId>
        <customerId>21</customerId>
        <discount>15</discount>
    </Sale>
    <Sale>
        <carId>154</carId>
        <customerId>23</customerId>
        <discount>5</discount>
    </Sale>
    <Sale>
        <carId>320</carId>
        <customerId>30</customerId>
        <discount>20</discount>
    </Sale>
    <Sale>
        <carId>109</carId>
        <customerId>23</customerId>
        <discount>30</discount>
    </Sale>
    <Sale>
        <carId>219</carId>
        <customerId>18</customerId>
        <discount>10</discount>
    </Sale>
    <Sale>
        <carId>48</carId>
        <customerId>12</customerId>
        <discount>30</discount>
    </Sale>
    <Sale>
        <carId>112</carId>
        <customerId>8</customerId>
        <discount>30</discount>
    </Sale>
</Sales>